{
    "0.0": {
        "ada_final_train_noisy_mean": 0.999904761904762,
        "ada_final_train_noisy_std": 0.000285714285714278,
        "ada_final_test_noisy_mean": 0.7926666666666666,
        "ada_final_test_noisy_std": 0.2583156266333165,
        "ada_final_test_clean_mean": 0.7926666666666666,
        "ada_final_test_clean_std": 0.2583156266333165,
        "ada_collapse_fraction": 0.2,
        "ada_plateau_mean": 0.7926277777777778,
        "ada_plateau_std": 0.25795965117785863,
        "block_final_train_noisy_mean": 0.9870476190476192,
        "block_final_train_noisy_std": 0.008217011280046845,
        "block_final_test_noisy_mean": 0.7917777777777778,
        "block_final_test_noisy_std": 0.2548367669269444,
        "block_final_test_clean_mean": 0.7917777777777778,
        "block_final_test_clean_std": 0.2548367669269444,
        "block_collapse_fraction": 0.1,
        "block_plateau_mean": 0.7917488888888888,
        "block_plateau_std": 0.2548240091892035
    },
    "0.1": {
        "ada_final_train_noisy_mean": 0.8851904761904763,
        "ada_final_train_noisy_std": 0.005587684871413396,
        "ada_final_test_noisy_mean": 0.7265555555555556,
        "ada_final_test_noisy_std": 0.19688277517470598,
        "ada_final_test_clean_mean": 0.7781111111111112,
        "ada_final_test_clean_std": 0.2474617067271142,
        "ada_collapse_fraction": 0.0,
        "ada_plateau_mean": 0.7253866666666667,
        "ada_plateau_std": 0.1960843173260793,
        "block_final_train_noisy_mean": 0.885,
        "block_final_train_noisy_std": 0.006227908804130188,
        "block_final_test_noisy_mean": 0.7455555555555555,
        "block_final_test_noisy_std": 0.2052357873156183,
        "block_final_test_clean_mean": 0.8015555555555555,
        "block_final_test_clean_std": 0.25747501377036447,
        "block_collapse_fraction": 0.0,
        "block_plateau_mean": 0.7455655555555556,
        "block_plateau_std": 0.20525968908124267
    },
    "0.3": {
        "ada_final_train_noisy_mean": 0.7007142857142858,
        "ada_final_train_noisy_std": 0.014845004198714916,
        "ada_final_test_noisy_mean": 0.6096666666666667,
        "ada_final_test_noisy_std": 0.10306662114895261,
        "ada_final_test_clean_mean": 0.7508888888888889,
        "ada_final_test_clean_std": 0.2597723599853258,
        "ada_collapse_fraction": 0.2,
        "ada_plateau_mean": 0.6102977777777779,
        "ada_plateau_std": 0.10351097762502723,
        "block_final_train_noisy_mean": 0.6949047619047619,
        "block_final_train_noisy_std": 0.015130647968164075,
        "block_final_test_noisy_mean": 0.6207777777777779,
        "block_final_test_noisy_std": 0.10624575518027607,
        "block_final_test_clean_mean": 0.7757777777777778,
        "block_final_test_clean_std": 0.2676135042450605,
        "block_collapse_fraction": 0.1,
        "block_plateau_mean": 0.6204888888888889,
        "block_plateau_std": 0.1065169226687234
    },
    "0.2": {
        "ada_final_train_noisy_mean": 0.7878571428571428,
        "ada_final_train_noisy_std": 0.013391454953052596,
        "ada_final_test_noisy_mean": 0.6505555555555556,
        "ada_final_test_noisy_std": 0.15981876309444093,
        "ada_final_test_clean_mean": 0.7498888888888889,
        "ada_final_test_clean_std": 0.2654413748020269,
        "ada_collapse_fraction": 0.2,
        "ada_plateau_mean": 0.6518511111111109,
        "ada_plateau_std": 0.1594586306658475,
        "block_final_train_noisy_mean": 0.7860476190476191,
        "block_final_train_noisy_std": 0.013294245426170187,
        "block_final_test_noisy_mean": 0.6782222222222223,
        "block_final_test_noisy_std": 0.15363512972761068,
        "block_final_test_clean_mean": 0.7944444444444445,
        "block_final_test_clean_std": 0.2543881548605071,
        "block_collapse_fraction": 0.1,
        "block_plateau_mean": 0.6759144444444445,
        "block_plateau_std": 0.15314861063524599
    },
    "0.05": {
        "ada_final_train_noisy_mean": 0.9362380952380953,
        "ada_final_train_noisy_std": 0.006173787027303696,
        "ada_final_test_noisy_mean": 0.7425555555555555,
        "ada_final_test_noisy_std": 0.21953882639819383,
        "ada_final_test_clean_mean": 0.7666666666666668,
        "ada_final_test_clean_std": 0.24508753790139534,
        "ada_collapse_fraction": 0.2,
        "ada_plateau_mean": 0.7425266666666668,
        "ada_plateau_std": 0.2201887251237105,
        "block_final_train_noisy_mean": 0.9371904761904762,
        "block_final_train_noisy_std": 0.00796947122808841,
        "block_final_test_noisy_mean": 0.7805555555555556,
        "block_final_test_noisy_std": 0.23087982550920402,
        "block_final_test_clean_mean": 0.8091111111111111,
        "block_final_test_clean_std": 0.25741583785821515,
        "block_collapse_fraction": 0.1,
        "block_plateau_mean": 0.7772877777777777,
        "block_plateau_std": 0.23105151627203172
    }
}