{
    "rho": 0.8954607217855418,
    "theta": 0.110416920212682,
    "a_T_theory": 109,
    "lambda_optimal": 0.05,
    "a_T_optimal": 6,
    "cv_scores": {
        "0.05": 0.8634920634920634,
        "0.1": 0.7952380952380952,
        "0.2": 0.7571428571428571,
        "0.35": 0.7174603174603175,
        "0.5": 0.7087301587301588,
        "0.65": 0.7103174603174603,
        "0.8": 0.7071428571428572,
        "1.0": 0.7111111111111111
    },
    "bayes_risk_eta_0_1": 0.1,
    "clean_test_acc": 0.7588888888888888,
    "noisy_test_acc": 0.7222222222222222
}