{
  "SIM_AR1_RS": {
    "metrics": {
      "AR(p)": {
        "mse": 0.0003878588939153771,
        "mae": 0.012492440988671848,
        "r2": -0.6937637015229086
      },
      "AR+GARCH": {
        "mse": 0.0003850539973555089,
        "mae": 0.012419509420998015,
        "r2": -0.6815148345917617
      },
      "AdaBoost.R2": {
        "mse": 0.00031197753740050583,
        "mae": 0.013771924334230209,
        "r2": -0.3623929651456492,
        "dm_pval_ar": 0.004991476942170323
      },
      "BlockBoost.R2": {
        "5": {
          "mse": 0.0003173354713975943,
          "mae": 0.013811398127975869,
          "r2": -0.38579084066633795,
          "dm_pval_ar": 0.003840059213401387
        },
        "10": {
          "mse": 0.00026068044584309503,
          "mae": 0.01198123097757759,
          "r2": -0.1383806940938057,
          "dm_pval_ar": 0.20561772030912817
        },
        "15": {
          "mse": 0.0002620359970521921,
          "mae": 0.011456177302542104,
          "r2": -0.14430032999630238,
          "dm_pval_ar": 0.01005924488324057
        },
        "20": {
          "mse": 0.000262852299152026,
          "mae": 0.011389012214506125,
          "r2": -0.14786508740644755,
          "dm_pval_ar": 0.004390400773503728
        }
      }
    }
  }
}