{
  "SIM_Seed_61": {
    "1": 0.3594569425798887,
    "2": 0.33538612993370814,
    "3": 0.3695909526550387,
    "4": 0.3874320833327507,
    "5": 0.34793467146179347,
    "6": 0.2849496214843867,
    "7": 0.3559185089676025,
    "8": 0.3272524932705224,
    "9": 0.33272605837549096,
    "10": 0.3294533905085105,
    "15": 0.39552813197250775,
    "20": 0.45533894603195735,
    "30": 0.48936549932555223,
    "40": 0.4972536703290023,
    "50": 0.4961446934627052
  }
}