{
    "0.0": {
        "ada_final_train_noisy_mean": 0.9991428571428573,
        "ada_final_train_noisy_std": 0.0009233675918888251,
        "ada_final_test_noisy_mean": 0.9556666666666667,
        "ada_final_test_noisy_std": 0.010452124835661254,
        "ada_final_test_clean_mean": 0.9556666666666667,
        "ada_final_test_clean_std": 0.010452124835661254,
        "ada_collapse_fraction": 0.0,
        "ada_plateau_mean": NaN,
        "ada_plateau_std": 0.0,
        "block_final_train_noisy_mean": 0.917142857142857,
        "block_final_train_noisy_std": 0.008918883633099558,
        "block_final_test_noisy_mean": 0.8825555555555555,
        "block_final_test_noisy_std": 0.018492908216962197,
        "block_final_test_clean_mean": 0.8825555555555555,
        "block_final_test_clean_std": 0.018492908216962197,
        "block_collapse_fraction": 0.0,
        "block_plateau_mean": NaN,
        "block_plateau_std": 0.0
    },
    "0.1": {
        "ada_final_train_noisy_mean": 0.8513809523809523,
        "ada_final_train_noisy_std": 0.01560343296141608,
        "ada_final_test_noisy_mean": 0.7966666666666666,
        "ada_final_test_noisy_std": 0.01727768845993348,
        "ada_final_test_clean_mean": 0.8762222222222222,
        "ada_final_test_clean_std": 0.019633682320988128,
        "ada_collapse_fraction": 0.0,
        "ada_plateau_mean": NaN,
        "ada_plateau_std": 0.0,
        "block_final_train_noisy_mean": 0.824857142857143,
        "block_final_train_noisy_std": 0.012166270611389886,
        "block_final_test_noisy_mean": 0.7807777777777777,
        "block_final_test_noisy_std": 0.0171633402026989,
        "block_final_test_clean_mean": 0.8567777777777777,
        "block_final_test_clean_std": 0.023144473782453278,
        "block_collapse_fraction": 0.0,
        "block_plateau_mean": NaN,
        "block_plateau_std": 0.0
    },
    "0.3": {
        "ada_final_train_noisy_mean": 0.6810476190476191,
        "ada_final_train_noisy_std": 0.016607787152547102,
        "ada_final_test_noisy_mean": 0.6245555555555555,
        "ada_final_test_noisy_std": 0.021484706015968476,
        "ada_final_test_clean_mean": 0.8155555555555555,
        "ada_final_test_clean_std": 0.02041543836063262,
        "ada_collapse_fraction": 0.0,
        "ada_plateau_mean": NaN,
        "ada_plateau_std": 0.0,
        "block_final_train_noisy_mean": 0.6655714285714286,
        "block_final_train_noisy_std": 0.024591031309436334,
        "block_final_test_noisy_mean": 0.6232222222222222,
        "block_final_test_noisy_std": 0.02309107037069086,
        "block_final_test_clean_mean": 0.8126666666666666,
        "block_final_test_clean_std": 0.039904825043199914,
        "block_collapse_fraction": 0.0,
        "block_plateau_mean": NaN,
        "block_plateau_std": 0.0
    },
    "0.2": {
        "ada_final_train_noisy_mean": 0.7633809523809523,
        "ada_final_train_noisy_std": 0.01843718268107737,
        "ada_final_test_noisy_mean": 0.7115555555555555,
        "ada_final_test_noisy_std": 0.015228303732454943,
        "ada_final_test_clean_mean": 0.8522222222222222,
        "ada_final_test_clean_std": 0.013913311859998674,
        "ada_collapse_fraction": 0.0,
        "ada_plateau_mean": NaN,
        "ada_plateau_std": 0.0,
        "block_final_train_noisy_mean": 0.7399523809523809,
        "block_final_train_noisy_std": 0.018841082627010144,
        "block_final_test_noisy_mean": 0.699111111111111,
        "block_final_test_noisy_std": 0.02066069208741237,
        "block_final_test_clean_mean": 0.8413333333333334,
        "block_final_test_clean_std": 0.025569078547686818,
        "block_collapse_fraction": 0.0,
        "block_plateau_mean": NaN,
        "block_plateau_std": 0.0
    },
    "0.05": {
        "ada_final_train_noisy_mean": 0.9025238095238096,
        "ada_final_train_noisy_std": 0.01241579346790377,
        "ada_final_test_noisy_mean": 0.8573333333333333,
        "ada_final_test_noisy_std": 0.013491652654809354,
        "ada_final_test_clean_mean": 0.8972222222222221,
        "ada_final_test_clean_std": 0.01337262728463735,
        "ada_collapse_fraction": 0.0,
        "ada_plateau_mean": NaN,
        "ada_plateau_std": 0.0,
        "block_final_train_noisy_mean": 0.860047619047619,
        "block_final_train_noisy_std": 0.009633769968684314,
        "block_final_test_noisy_mean": 0.8197777777777778,
        "block_final_test_noisy_std": 0.01636618012401953,
        "block_final_test_clean_mean": 0.8585555555555556,
        "block_final_test_clean_std": 0.015916836338052413,
        "block_collapse_fraction": 0.0,
        "block_plateau_mean": NaN,
        "block_plateau_std": 0.0
    }
}